{
    "loss": 0.20546089112758636,
    "accuracy": 0.9270833134651184
}